customer_id,nombre,país,edad,género
bdd640fb,Joshua,GR,56,F
ad3c2d6d,Joy,ST,46,M
0822e8f3,Anthony,GM,60,F
06cb0fb3,Anna,VC,78,M
6b65a6a4,Jeffrey,TZ,56,F
01a9e71f,Katherine,DJ,36,M
47229389,Eric,LU,28,M
18c26797,Michael,LY,41,M
0b1f9163,Jessica,SO,53,F
60e7a113,Christian,KE,41,M
e2acf72f,Michelle,TR,39,M
0bbb2599,Donna,JP,19,F
3b982ef8,Michelle,MU,61,F
d58842de,Michael,MN,55,F
4458a885,Jacqueline,KZ,77,M
a28defe3,George,ZA,50,F
6123fdf7,Joseph,DZ,75,F
af42e12f,Mark,BG,78,F
ce177b4e,Leslie,IQ,42,M
f16287e4,Ashley,VC,44,M
7fcd9eb1,Randall,BA,59,F
23bed01d,John,TJ,45,F
95a76d79,Ross,TV,33,M
ff50bde4,Whitney,SE,79,F
0c0fd195,Michelle,DE,64,F
ae340454,Robert,BI,68,F
ff01cf99,Taylor,ID,72,F
f143262f,Alexander,WS,74,M
8976e334,Karen,BA,54,M
6f4cc69a,Eric,AD,24,M
b83cfe0b,Jose,SC,26,M
e9a1fa6f,Daniel,YE,35,F
81f631d4,Chelsea,DE,42,F
8a14be62,Stephanie,SM,31,F
52fbe43b,Tracy,CG,75,M
fc3e058b,Marie,KP,43,M
e0c53cb8,Ashley,BR,19,F
d0e6e660,Chad,PS,45,M
20de435d,Donna,SY,77,M
df57c59a,Catherine,GH,61,M
badcc32a,Hannah,LC,25,M
abf3ad39,Debra,OM,52,F
1efa2197,John,BI,34,F
8dcdcd03,Jerry,GN,67,F
a18ff6b6,Brian,BJ,21,F
5496f63c,Chad,GW,79,F
36d8393a,Amber,RS,71,F
93829b43,Thomas,PY,21,F
1825bc54,Collin,NR,46,M
778eedb3,Michelle,BF,35,F
a56c0941,Corey,NA,61,F
dc96925e,Daniel,FI,27,F
23e2fcb4,Robert,IT,53,F
ec5b227c,Charles,SY,48,F
ffd0f9d5,Amber,AL,32,F
c0e9ab30,Melinda,DM,31,M
36b82481,Michelle,BH,77,M
fc3d3348,Peter,PH,79,F
f512c4c3,Jessica,TH,38,F
27a0c3d7,James,GM,62,F
bc594585,Amy,AE,64,M
958ca9ba,Thomas,SM,41,F
82010c62,Christopher,ER,42,F
acdabacc,Michelle,NA,77,F
91d63f78,John,UG,62,M
6b5252e3,Diane,TM,46,M
42c18a62,James,VC,62,M
655238a6,David,KH,42,M
edd4253b,Karen,BN,26,F
ff9ab5c2,Anna,BZ,18,F
8181a8cc,Joseph,MG,25,F
3e896c64,Mike,DJ,28,M
b41b3143,Kevin,TD,34,F
d12dbc9a,Angela,HR,52,M
2260e70f,Joseph,CD,50,M
45b89cd9,Juan,GE,22,F
afffcfd2,Cynthia,IN,56,F
e7c421c7,Rebekah,BF,58,F
d450281c,Joshua,AD,24,M
a319dcb4,Tina,DK,25,F
b4a69f3c,Ronald,AG,51,M
e21342b0,Hannah,CZ,65,M
5e84f058,Brandi,CY,40,F
4eea04e7,Michael,BB,41,M
ae9bec36,John,CA,52,F
e256a6dc,Nancy,VN,57,F
ee0caeb5,Joel,DK,44,M
2d534dd0,Nicole,AR,18,M
550a1b46,Kimberly,NG,54,M
bc2cbb0d,Lisa,IQ,31,M
1bac27a7,Patrick,AZ,18,M
33173470,Lisa,PK,43,M
cb9bc326,Monica,GR,31,M
6601ddd0,Mark,BJ,44,M
59e4b671,Darlene,MZ,32,M
89456f27,Mark,AT,43,F
42deffcc,Gregory,IN,77,M
6f3f920c,Michael,KW,68,M
82ec9f2d,Darrell,TR,49,M
b572f3d0,Ryan,SK,66,F
afd5dea5,Jennifer,SZ,78,F
5d3d9e56,Ryan,TL,21,F
505cc686,Elizabeth,CM,54,M
81d2c7de,Kyle,NE,56,M
4bb00f20,Angela,FI,32,M
610faa3f,Erica,EC,46,F
67f48ad5,Amy,AD,30,F
6e0d2648,Kristi,UZ,24,M
7118e364,Scott,GH,68,F
e6b3c944,Susan,LK,45,F
48a639d0,Zachary,ZW,59,M
d1843324,Stephanie,GW,79,M
ce7ae7f6,James,AR,70,F
79a28903,Cheryl,BN,45,F
a1384ddc,Barbara,VC,61,F
664fa663,John,TD,37,F
c03f3538,Michelle,CD,79,M
2d06e8cf,Linda,MC,75,M
8eb22579,John,CM,45,M
76f2dbfe,Elizabeth,TJ,56,F
c1581092,Patricia,VA,50,M
81392443,Ronald,SY,74,M
be6033f7,Michelle,PG,79,M
d701410d,Dana,SK,69,M
464c04af,Scott,LC,58,M
55fa1ab8,Luis,SR,56,F
3b33f3d8,Patrick,DE,25,M
6a34c854,Rick,SR,26,F
34f3193c,Marissa,MW,54,M
f2311f17,Heather,TR,68,F
f1578470,Michael,GB,61,F
f41402b1,Mary,SO,32,M
ccc42903,Carrie,GN,71,F
6f92f25e,Todd,MW,49,F
cc530e36,Richard,DM,58,F
20ac3703,Tina,SN,66,F
978648f8,Anne,AR,66,F
22bd3388,Michelle,EG,69,F
53cd6268,Jason,LR,79,M
610e6a64,Joshua,NL,19,M
78660765,Andrew,SR,66,M
59970043,Jeffrey,BJ,66,F
0a4e5b70,Karen,HU,34,M
9f0fda8d,Elijah,CN,66,F
90604f62,Stacie,PT,19,F
5e6fea07,Gary,UZ,71,M
1d5206ab,Kimberly,DK,54,F
9424aed5,Anthony,KR,50,M
f54ad0a2,Nicholas,VC,36,F
b0cc1b3b,Maria,HN,19,M
4d3485c5,Melissa,US,61,F
fbdd3933,Ashlee,BB,49,F
a9597663,Mitchell,SD,49,M
d97dc9cd,Robert,RW,21,M
5cb85aed,Cynthia,PK,28,F
2d174fc9,Jessica,CF,76,M
eb6c1016,Amanda,RO,55,F
bb2488a3,Brittany,LI,22,F
ef43613c,Christopher,PG,51,F
91e1aa96,Cheryl,MU,39,M
d9d80b8d,Mark,RU,65,F
4223623b,Matthew,UG,50,M
8e485223,Alejandro,ET,77,M
680bac63,Tracy,PS,23,F
a559e463,Jennifer,PE,46,M
4b5305e5,Jeffrey,MD,37,F
94e0d3ba,Miguel,TG,76,F
ff233d5f,Julie,LS,36,F
455ac762,Kristopher,HT,20,M
50c7c006,David,SO,36,F
2f65fafa,James,SZ,49,M
96ef2ad6,Tiffany,SL,69,M
19bc143e,Marissa,KE,50,F
4d6168bd,Alexis,SN,56,F
f96b648a,Brian,JP,57,M
a34b6cf6,Miranda,RW,28,F
92f5df7b,Justin,QA,74,M
f72ada9b,Brett,QA,67,M
6694c343,Travis,TR,48,F
26d794d3,Edward,TM,59,M
fe716b14,John,TH,24,F
989bc4da,Krystal,GR,33,F
7354ea6f,Rebekah,KG,65,M
6dc7cac7,Kevin,VN,69,F
bd767e35,Cory,GE,66,F
a911d192,Christopher,GY,18,F
2812859a,Aaron,PG,79,F
4a8ff810,Antonio,JO,22,M
dc0f2fcf,Shawn,LA,49,M
c9af18f8,Kylie,TZ,72,M
32a447b2,Ronald,ST,58,M
e88da719,Joseph,CV,36,F
cae9b4a7,Kyle,AE,33,M
49e2623d,Scott,PT,37,F
670acc5c,Sherri,SC,71,F
1497d658,Carly,NR,50,F
40181c6e,Anthony,GT,69,M
dc4ad56b,Barbara,AO,66,F
d248a9a7,Joseph,BB,53,F
7872bdeb,April,PA,57,F
ff37d19c,Brenda,ZW,79,M
175ba98d,Theodore,NE,65,F
1ac70ec0,Mia,LS,42,M
49c8a43f,Elaine,MZ,42,M
0964fbbf,Shawn,KW,35,F
f85e06a1,Kendra,SG,63,F
a85c6e4a,Molly,PL,19,F
84b871bb,Michael,TW,52,F
c28ebd70,Brett,IQ,78,M
49bc473f,Samuel,MC,53,M
f920264c,Crystal,GY,21,M
8d03c91e,Alexander,NE,31,M
d7665cda,Robin,PL,65,F
d50755d9,Eric,VC,73,F
45ff2c83,Robert,RO,25,M
74eff545,Andrea,MV,20,M
821c1336,Julie,CR,50,F
c5ce099c,Kristy,NI,29,M
81fb18b3,Joseph,AD,68,F
d664d264,Brenda,KM,72,F
7250ee18,Amanda,LY,63,F
8b1e3b9d,Nicholas,LI,55,F
b28f41de,John,MV,62,M
69288e92,Bradley,CH,71,F
cfb87e6f,Patrick,HR,44,M
fb16e5db,Edwin,AZ,51,M
9716108e,Martin,BZ,47,M
1986b4b2,Alicia,PH,45,M
68f45bce,Monica,DE,50,M
f81dbaa1,Joseph,VU,77,M
148f8b74,Melissa,GQ,65,M
f4427e0b,Levi,VC,21,M
df547e50,Amber,VN,66,F
af34cf65,Samantha,GT,34,F
fa745761,Corey,ZW,45,F
7194eae2,Garrett,KG,46,F
530a37df,Laura,KE,70,F
25440fe0,John,NG,52,F
2e183554,George,BR,58,M
9ea556aa,Felicia,SB,41,M
3b70b3a1,Steven,IE,66,F
0267deb3,Rachel,PT,70,M
8beddb12,Eric,PA,52,F
966b1964,Kevin,NO,50,F
d865d69a,Kevin,MV,78,M
3cb98350,Patrick,MK,49,M
b303f438,Kenneth,KM,50,F
90e0b95f,Michelle,CH,20,F
9b3d74bd,Julie,JO,35,M
9b689c88,Laurie,GN,59,M
402913ec,Erica,WS,71,F
d69d42f1,Derrick,BY,20,F
0a17991e,Kyle,OM,63,F
bb7bee03,David,KE,67,F
2cf6bf75,James,SR,64,F
87e5f0fe,Warren,IR,40,F
e9ff1cae,Makayla,RO,44,F
bf1e8366,Monica,CI,19,F
2408a6dc,Karen,GR,34,F
aca5e2fd,Tina,TH,50,M
6502d6a2,Alexander,SO,60,F
ac3e7b0d,Kaitlyn,IN,65,M
a377f6f1,Shelby,CD,46,F
066803ee,Christine,TJ,72,F
38ab854c,Deborah,ZW,52,F
b379cb1e,Kevin,NE,42,F
f23e323d,Benjamin,SA,30,F
e3236d1a,Amanda,MW,75,M
f30a9e32,Julia,SR,74,F
ba0266ef,Eric,NI,62,F
7d45d8ef,Christina,IT,18,F
379efc6e,Scott,GW,63,F
fb1e143b,Gina,ST,31,F
5bd20c98,Bruce,IS,68,M
f2f25eef,Melanie,PH,32,F
a446be72,Danielle,AO,51,F
3e5a87e3,Vanessa,TM,49,M
c3e15a85,Angela,TZ,39,M
3ba5cd2f,Mark,CY,42,F
00b9d4a3,Joshua,CY,79,M
402adf9c,Lauren,CG,39,F
21bddb41,Alexis,GW,75,F
2c9b662e,Joseph,CN,66,F
1d181ee9,Julie,PY,59,F
83639007,Brittney,PG,32,F
9d77a45e,Bradley,KM,60,F
a4b1f991,Tamara,BH,54,M
66d06371,Ronald,CD,25,M
718d4d05,Charles,BR,77,F
10d08d11,David,VU,61,M
b64fa54a,Mark,UG,56,F
816bcb9f,Catherine,BZ,23,M
da509fed,Diana,TG,49,F
6e191042,Shannon,GT,47,M
74188109,Raymond,ZA,52,M
50018b7b,Elizabeth,MR,57,F
ec48bf55,Thomas,BW,33,M
6e8f75a1,Colin,SZ,67,F
8e6e5003,Brian,TJ,59,F
1f4a8ca1,Robert,TL,36,M
de3b496f,Ruth,BF,73,M
4ffca6b1,Michael,TR,36,F
a81fdec3,Timothy,CD,75,M
5e187b24,Danny,IT,43,M
6dda4f8d,Megan,VU,43,M
8e867f3c,Anthony,KM,79,M
076979d6,Henry,ME,26,F
56febfb9,Michael,EG,70,M
a847bce7,Richard,CV,75,F
07d924ce,Christopher,SM,18,M
74222167,Matthew,MN,51,F
c6deb2f0,Shelly,UG,79,F
27d415b6,Eric,VN,65,M
45a88829,Scott,NO,57,M
6a07f213,Joshua,TW,70,M
6e0ed1e8,Daniel,GD,33,M
86e52753,Elizabeth,BD,56,F
996d5c50,Brian,GA,22,F
c47104c0,Derrick,IE,46,M
01fa964e,Tyler,NR,20,F
88575117,Jane,SC,43,F
ce6322b6,Michael,MY,68,M
6fac1673,Andrew,BO,39,M
6de59332,Ashley,KN,46,F
1d7c0098,Richard,LR,45,M
9e3d750d,Steve,FM,64,M
6fcc57dd,Megan,HN,47,F
862268d1,Christian,KR,79,F
5543fc3c,Kimberly,BO,22,F
87d5b7be,William,MG,33,F
d1a69d87,Debbie,CY,43,F
4187222b,James,UY,38,M
a7cf705c,Charles,YE,53,M
9050f7ef,Kathleen,PE,79,F
9082889b,Dawn,VU,54,M
a09151e0,Leslie,OM,75,F
a1a27485,Kevin,IS,71,M
81e0d489,Charles,PL,53,F
5e659654,Marie,BO,69,M
daf481a7,Christopher,UG,27,F
949077c2,Angela,SZ,36,F
e8b77f7b,Lisa,CF,49,M
79c2d2e4,Walter,BH,73,M
e62d2d06,Mary,LC,62,F
2c2cd22b,Benjamin,KN,33,F
86295b5d,Alexandra,DJ,33,M
486bb6bf,Paul,LU,19,M
ca0ac6ac,Crystal,LT,45,F
8ed6ad5e,Erika,JM,49,M
a8149562,Tamara,UY,37,F
14dd5061,Brandi,CV,29,F
f7baf55e,Diana,HR,52,F
b576255e,Sharon,KR,50,M
caaa5bbe,Mark,CN,78,M
f275b5f3,Joanne,LA,60,M
a561e1e9,Ellen,SE,29,M
4f11d8dc,Henry,GH,18,M
7c7c404e,James,CU,57,F
d82c7565,Kristin,SD,60,F
bd17c5e8,Nicole,AZ,46,M
c42cbc39,Christine,UG,29,M
2e4bebc4,Marie,VU,63,F
b89f72f3,Samuel,NG,78,M
3ccec76c,Tara,VA,67,M
c8a723e9,Shane,SN,40,M
cf01f944,Kristen,FI,43,F
92070158,Tracey,PL,46,F
61c2645a,Wesley,NL,27,F
331f63fb,Laurie,CU,79,F
a4244f23,Timothy,MR,68,M
b61e5fdb,Meghan,CM,24,F
290a3abb,Joshua,SG,75,M
177a8a5f,Stacey,GN,67,M
597e6845,Sarah,NI,28,M
5fbbf0b1,Joe,BR,73,F
519554e3,Sarah,LC,42,M
25637cc3,Devin,JO,78,M
b231c60b,Mariah,PS,53,F
9d8776a0,Adam,BR,54,M
d5c0244d,Edward,ZA,41,F
1c76bdf6,Kimberly,GW,52,M
3d0a5f0c,Robert,VU,52,F
d6312a80,Rebecca,UG,53,F
83efa9f3,Bailey,VC,66,M
0066853d,Christina,GY,49,F
aa143cd8,Elizabeth,SL,40,F
f4124360,Alicia,SD,49,M
8ddce719,Andrew,PW,29,M
fb25664d,Nathaniel,AE,72,M
114b9547,Michael,ES,40,M
c5811d2d,Bonnie,TW,52,M
5a304528,Amy,BA,47,M
af475b49,Steven,MC,66,F
cfbe4fe9,Dennis,VC,37,F
0977c513,Kelly,BD,42,F
0aba590e,Leslie,KR,30,M
d0be73ee,Amy,ID,36,M
30ec2796,Justin,BE,53,F
45f18619,David,MN,78,M
be4969ec,Scott,MV,36,F
7f072cb9,Heather,MN,26,M
4447ceab,Laurie,ZA,45,F
9a3a6103,Wanda,EG,48,F
1a43db54,Christopher,HR,69,M
9a45693d,Jennifer,DM,75,M
727716ec,Bobby,MH,33,M
46494296,Danielle,BG,22,M
67fd64c4,Michael,AE,29,M
07f8d4f0,Douglas,UZ,69,M
08e895d7,David,GW,38,F
5cb5e69c,Patrick,TN,70,M
add702c9,Shannon,MN,33,M
13aec376,Audrey,SM,56,M
a6499cdc,Joshua,CI,70,F
7fc15858,April,TJ,75,M
42a259a6,Jane,GH,31,M
b1a8b71f,Sabrina,RW,75,M
da52d2ee,Charles,EC,52,M
ff4c96d6,Christopher,KZ,46,M
51d08109,Elizabeth,KN,28,F
4a552ea0,Patricia,DJ,64,F
b34191b8,Dana,ML,26,F
fc31a597,James,CU,75,F
06ba8cd3,Michael,TO,34,M
fba6abf7,Andrea,VA,55,M
4f2dad3f,Raymond,VC,63,M
6929de73,Kayla,TR,57,F
5128b9b1,Dawn,PG,26,F
58321ee4,David,TG,44,F
c48d5650,Tammy,NR,19,M
0e2f8958,Marie,SI,46,M
2976aab2,Marcus,KN,55,M
f0df1684,April,JM,25,F
3240d7a1,Cynthia,TG,62,M
4d85e9c7,Christina,BW,39,F
9780c215,Shelly,DE,34,M
b87b6384,Rachel,LU,24,M
0a8bb5b4,Marcia,AT,62,F
a4364fcd,Kelli,IN,53,F
92779574,Robert,DZ,77,M
a08dd21b,Amy,BA,36,M
3eb05181,Linda,LA,61,F
12ae5c22,Haley,DJ,56,M
76e5ae78,James,UZ,27,F
b7e6a14c,Luis,LY,36,M
c2baf0e0,Mitchell,TJ,79,M
776abf09,David,PG,62,M
0cf477ef,Kelly,MV,67,F
3f8ea40a,Sydney,DJ,79,F
93e34c35,Jennifer,ET,37,F
fef7d9ea,Xavier,SB,25,M
05eee1d4,Christopher,MX,58,M
3da06476,Jason,MH,18,M
7eb162f1,Carla,TD,30,F
896490ab,Alan,CD,79,M
43b47ee5,Jessica,NA,77,M
0d18ab95,Ashley,FI,42,F
12d2fa06,Paul,PG,50,F
d3479a3b,Veronica,KZ,70,F
f99f0704,Colin,MR,75,F
8ece1128,Sheila,TW,62,F
8255da61,Richard,BB,62,M
b6adf48b,Mason,PY,64,M
9b33e3a4,Patricia,CU,33,F
518b2f21,Francisco,VE,38,M
97fe56c5,Matthew,SE,77,M
901bcdef,Kevin,AM,53,M
1c0f0bdc,Tina,TV,36,F
b9aed8e4,Monica,ZM,74,F
43f9cd6b,Tammy,TT,64,M
0d259caa,Brandy,DO,66,F
9ea7017c,Kim,MU,32,M
3e00980e,Anthony,ME,18,M
70e7e756,Lee,CZ,71,F
690e7e62,Warren,VA,20,F
d92f3c1e,Jill,BH,40,M
35145890,Ann,HR,28,F
50521700,Sue,PK,27,F
8bd88fcd,Michael,WS,33,F
b17cfb21,Joseph,RO,55,F
476cf68c,Angela,GR,41,F
4c3077c4,Kellie,MA,70,F
7d2f4e58,Logan,MG,75,F
cb9faf6d,Jennifer,JO,53,F
8b0e8eb1,Noah,MY,25,F
c5e78b23,Linda,JP,77,F
b6d1f6bb,Christian,PA,45,F
7aa4f052,Jason,SO,54,M
b2384849,Joseph,CD,53,F
3d4196fe,John,SV,44,F
a35055e4,Jesse,BZ,34,M
78ef7666,Craig,CU,50,M
fa585b27,Sarah,NE,37,M
e0decc3d,Thomas,CF,45,F
4988e418,Manuel,KH,46,M
16e6e5c0,Denise,HT,63,M
d9af6e09,Sharon,EC,78,F
2d007d05,Sarah,AZ,35,M
c9b7c9bc,Tyler,AE,22,M
4a1a81f5,Nancy,AG,42,F
1b780ede,Sarah,LT,27,F
a42d0cd7,Amy,SA,47,F
d9df0d0e,William,IR,76,M
54a7b69b,Francisco,PK,22,M
2faabe0b,Alexis,LU,73,M
aca58d95,Katherine,EC,71,M
e5a4983b,Richard,NP,35,F
669d01ff,Elizabeth,ER,64,M
52d78f10,Shari,AF,28,M
725d4259,Karen,LS,43,M
92a81713,Alexander,TD,42,F
0fe76149,Elizabeth,PT,76,M
afa28559,Wayne,MA,66,M
1e0ef546,Danielle,KE,50,F
3818cfd3,Susan,QA,58,M
fd247c11,Catherine,NI,18,M
78883058,Katherine,TL,65,M
3f59e4f2,Erin,UG,23,F
86879aa9,Sean,MA,34,M
906d5c8c,Daniel,SY,48,M
929c93b3,Amanda,DM,55,M
711c7673,Darren,GA,70,M
1747f387,Rachel,PE,54,M
21c71aa3,William,PH,54,F
765e6cb5,Emily,KP,27,M
41241bb4,Lisa,CH,34,M
0b981ccd,Rodney,ME,31,M
0f6ce9bf,Sarah,BJ,63,M
081fc6dc,Justin,EG,68,M
a43afb7a,Tiffany,KH,30,F
fe2bd987,Patricia,PE,79,M
60a399d4,Nicholas,KZ,66,F
8a0f9508,Dean,MG,49,F
8989c5ab,Phillip,CN,45,M
d5b6de85,Adam,AO,25,M
ac6a7c85,Jennifer,NO,43,F
3acb43a3,John,LY,51,F
effa2002,Nancy,CG,71,M
6b535a19,Christina,AM,76,F
19d45deb,Brittney,PE,29,M
df495037,Brandon,SZ,71,F
3bfda8a6,Amber,TW,22,F
23dfecd7,William,JP,47,M
bb44badc,Barbara,TR,74,M
d18183d1,Malik,KI,65,M
a903ae67,Adriana,NG,64,M
8e85140d,Stacy,LK,32,M
adc29178,Ronald,SA,38,F
f10bce9c,Dawn,MU,19,M
b2414482,Robert,CZ,68,M
c12169db,Amanda,GY,55,F
db87d29c,Jasmine,PL,77,F
69a53b4f,Tammy,TH,55,F
3e2bf9c9,Jonathan,LS,51,F
73253aa3,Melanie,BW,47,M
30c36756,Brett,MT,44,M
0a1fc9df,Morgan,ET,51,F
b96c1163,Emily,GM,74,F
e8334da5,Mason,AL,50,F
f64ab6ec,Judith,AE,32,F
ea18d32c,John,UY,47,M
ea45ba41,John,LI,59,M
775c30b5,Amanda,MK,34,M
8347f1da,Nicole,PT,46,F
b8f0188e,Terrance,LB,27,F
501ba851,Robert,TM,34,F
255b30e2,Allen,TG,34,F
b852b3cd,Robert,DE,37,F
613d2de9,Ashley,HN,22,F
f186e47a,Gail,IE,23,M
f76d15fd,Jennifer,SZ,19,M
bb96f602,Laura,DO,79,M
7d024c6d,Jack,SR,60,F
0f09105c,Alexandria,BO,28,M
0c6b7074,Kathy,NG,64,M
3b3f3800,Carlos,CZ,40,M
74bd0c93,Nathaniel,VN,33,M
9dd43675,Roberta,KM,28,F
883f13c6,Andrea,AL,33,F
465568b7,Amanda,JO,21,F
b2a6e468,Emily,EE,21,F
863e1f2a,Eduardo,FI,42,M
d0b1e3eb,Michael,MY,49,M
67f1698c,Stephen,HN,44,M
4ccb2355,Gabriella,BR,49,F
a65f7b8a,Katherine,BW,78,F
8d7dd772,Thomas,DZ,68,M
152aeaec,Vincent,NZ,38,M
90dbfad6,Tiffany,BY,35,F
0ae4ac11,Jerry,MD,59,M
45667c48,Brandon,BO,39,M
e63949d4,Amy,KM,23,M
d9b59f84,Leonard,GE,22,M
d218c9d6,Jennifer,MY,29,F
299656e2,Anne,TN,63,F
ad5229dd,Peggy,LS,66,F
23d3cd4c,Krystal,FM,43,M
bed63da0,Terri,BF,44,M
d6b361e4,Charles,UY,43,M
9879cf35,Randy,LR,64,M
c8969c5b,Victoria,RW,39,M
f0eebcce,Nicholas,ER,73,F
614c721d,Christopher,VN,60,M
b68e47fa,Charles,IQ,65,M
c8ad0899,Cynthia,SZ,34,F
1b46ebdc,Christopher,KP,53,M
450f69ee,Curtis,BT,25,M
8e969227,Angela,NE,52,M
5a9a206a,Angela,UG,69,M
dd1ca267,Paul,JP,64,M
15aede0f,Jenny,TJ,73,F
3e245fbf,Ashley,DO,31,F
238b05b7,Joseph,IQ,45,M
2ace1aa9,Ryan,NL,31,F
13b11e59,Michael,HU,19,M
9803b22e,Christina,PK,43,F
01bb819c,Stacy,LT,76,F
cdd7f460,Michelle,OM,68,M
d2d33488,Michele,UG,20,M
9a6c0db9,Stacey,FR,40,F
f6ee5cdb,Raymond,LB,60,M
a205e54f,Travis,TR,77,M
60452909,Juan,MX,35,F
905881df,James,ST,55,M
8cd34c62,Anthony,ZA,68,M
35ab8466,Samuel,JP,42,M
d1a7ba20,Melanie,NE,54,F
a2224f96,Kevin,ID,27,M
6c521d13,Kristina,BN,74,M
7aaf2001,Brandi,SN,56,F
dea050c6,Heather,ST,43,F
5c0a1feb,Jacqueline,SO,61,M
15c1604f,Daniel,HU,34,M
2a9528c3,Deborah,BD,37,M
ad6ecc57,Deborah,GB,21,F
6e3255a8,Daniel,BZ,20,M
bf31c29f,April,TT,62,F
721e8b1f,Neil,PL,64,F
b0c07fcc,Vincent,LY,64,F
1ac3bf31,Kenneth,BS,51,M
baeb286b,Donald,KR,25,F
34f541c0,Adriana,MG,66,F
b8d49848,Heather,LB,36,F
cf685878,Jennifer,AO,58,M
1bff3142,Erica,DM,23,F
3e711433,Zachary,TG,43,F
6d268b37,Susan,HT,51,M
2f383b43,Jacob,KM,73,M
bcc57be0,Christina,FJ,62,F
638abdf6,Adam,GH,54,M
b4299924,Lindsey,BI,50,M
df3a098a,Amanda,MM,39,M
1d2c2721,Jose,RW,23,F
503b4078,Candice,VA,72,F
591196dc,Michael,PK,21,F
ac7051d1,Janice,KG,28,F
15b24e1d,Emily,KW,79,F
1df05d18,Isaac,MD,48,F
6b11b7cb,Candace,TR,72,M
7c966b55,Cynthia,MD,72,M
fff96acf,Glen,DM,68,M
2fe5b140,Leonard,PG,57,M
5be9fdb3,Stephanie,RU,53,F
624a2a50,Tamara,SD,48,F
af4847f0,Travis,KN,19,F
2ad11fe8,Christopher,AT,45,M
4ac66780,Antonio,GR,21,M
c7de96ea,Stephen,CH,23,F
8cbadae5,William,TO,66,F
8b0901ab,Madeline,MM,73,F
0aa6fcb9,Kathleen,OM,68,F
6cd6f011,Curtis,TD,74,F
dff389aa,Yvonne,PG,32,M
d1151fff,Christopher,CL,25,F
35ba9357,Lisa,TZ,68,M
b5f3f8aa,Chelsey,NP,61,M
c8ebe27a,Jamie,GA,23,F
59cf0b0d,Amanda,UG,71,F
fa9fc10e,Jane,JP,36,F
dba6fdf8,Wyatt,GD,50,F
f67839b2,Karen,NG,66,F
46feacd4,Michelle,CN,64,M
3fead90a,Dustin,LI,43,F
d7f34368,Erica,RW,55,M
44caa5a2,Courtney,MT,79,M
cb6ad0c7,Nicole,BW,53,M
4739cc7b,Heather,MN,60,M
53c93ae7,Brandi,ES,50,F
755cee2a,Cynthia,MC,67,F
cbb18c79,Amanda,GM,27,M
363be5cb,Troy,LI,40,F
8c1c8b05,Becky,TM,61,F
57ff51d9,Patricia,BE,30,F
c8acffcf,Mary,AM,19,F
28719b9b,Scott,AD,18,M
33cb202e,Wendy,CO,54,M
28b2bf21,Nancy,IS,34,M
40198303,Christopher,TL,28,M
0d41ee47,Randy,KP,41,F
3bf0d9c1,Ruben,BW,72,M
36a2c52b,Thomas,CO,47,M
ae13591e,Sean,AG,66,M
1edf3bfa,Vanessa,NO,79,F
1221cddf,Jeremy,BT,61,F
1a6b6a7d,Lawrence,KG,31,M
d038e153,Karen,CR,73,M
249204c7,Casey,TM,26,F
2a038ad4,Scott,WS,29,M
26c0747e,Samantha,VE,52,M
379d58f9,Christopher,BZ,57,F
96ee50e5,Jessica,MG,39,F
ca840003,Donald,IS,46,F
8dab66d3,Carolyn,WS,28,M
f0f7ad22,Hannah,KM,54,F
848b34f0,Catherine,ET,77,F
a56b61e0,Brian,GY,52,M
3db788a6,Victor,UG,54,M
fa4a58ef,Alexander,ML,36,M
6307d4d1,Michelle,TN,31,F
aed54a46,Gerald,PW,79,F
12af97e4,Alvin,BJ,42,M
0a3217d2,Sandra,MY,59,M
b66edbf4,Walter,NI,35,F
1519fd38,Danielle,SO,25,M
15669e36,Kyle,SE,57,F
cedd069d,Eric,LR,49,M
c362a810,Mary,KZ,78,F
b2dc6c34,Samuel,GY,50,M
ecb4678c,Ryan,PH,32,M
4f2da233,Elizabeth,KM,42,M
033e02f7,Jean,ME,50,M
f3f8dea4,Michael,SI,72,F
425e0259,Gary,CN,31,M
44cdbfdd,Jessica,CL,57,F
55c34853,Lindsay,IR,68,M
b65ad0f1,Theresa,YE,68,F
82c299f0,Michael,SB,23,M
5e20c957,Eric,CA,24,M
b90800f3,Darrell,SZ,25,F
dbd30aec,Michelle,HN,69,M
620af158,Samantha,EE,64,M
090d9655,Angela,LC,50,F
3979d5f5,Marc,NI,47,M
45712959,Margaret,TO,44,F
ac5f12ef,Rachel,EE,46,F
fb3df063,Brandon,MZ,74,M
ddb449dc,Justin,KR,78,M
74ed5145,Alan,FR,44,M
4dcd0009,Jodi,HN,50,F
f8cbab4c,Trevor,FJ,21,F
c2aef674,Laura,CZ,19,F
061efb95,Jesse,LY,22,M
e09016b6,Alec,LT,27,M
60538c1b,Melinda,ZA,71,F
87a1ec02,Tonya,NL,30,M
f8f9a45d,Wendy,LC,64,F
ebd8a3b1,Jesse,SK,62,F
5f5ba255,Stephen,AE,69,F
8163b6ce,Dennis,MX,32,M
0ff1c51f,Ryan,CO,25,M
d9d57b02,Leslie,MX,46,M
53853918,Louis,IR,21,F
33e4f986,Derek,TV,62,F
2a147a96,Shannon,KW,44,M
5bb8b9c8,Tami,GE,68,M
43d78f2b,Melissa,BW,53,F
4de1087b,Margaret,MC,43,M
d5ff2a1f,Melissa,CY,44,M
f7e9101d,Michael,SG,37,M
429a4a7c,Lori,EC,79,F
dac726b6,Shannon,AE,57,F
7648776e,Curtis,CU,23,F
d49347fc,Kimberly,GN,40,M
668c879b,Nathan,ZM,43,F
95132c22,Brenda,BO,60,F
329fc417,Rachel,PA,43,M
e7b33085,Melanie,LS,57,F
7603c36c,Brent,TO,35,M
651ea252,Tyler,MU,50,M
5a9c0679,Jason,ER,57,F
e2280fe3,Edgar,VE,60,F
a5b40983,Kenneth,NG,61,F
0f9c5300,Christopher,MV,65,F
a484e035,Nicole,SL,22,F
cd5ae324,Amy,AM,54,F
b69f75c5,Michael,ST,59,M
e9a53368,Ariel,LI,45,M
06ac1010,Luis,GN,75,M
c74e48ff,Juan,PW,71,M
95804c2a,Yvonne,DJ,46,F
3dbc3093,Joseph,LK,57,M
f2a32efd,Jeffrey,MW,39,M
fdd5b0f8,Megan,EE,40,M
ce63cb1a,Joanna,MK,63,M
b4157cea,Jackie,TN,38,F
f2c84743,Jacob,SA,63,F
7d8d3ddd,Benjamin,BG,71,M
051a0039,Alisha,AD,74,M
33932b6c,Lindsay,LV,71,M
cd6bb03b,Megan,LI,68,F
962c04dd,Janet,CV,32,M
86bb42c7,Michelle,BN,64,M
a981fa54,Randall,BZ,70,M
22ee7f07,Theresa,ES,27,F
a3a6ef83,Susan,CF,74,M
f7ff88d4,Anna,VE,43,M
aa604892,Brianna,EC,52,M
b0416f19,Kelly,EE,69,M
b3b6d344,Stacy,MX,43,M
f7164b73,Ashley,EG,55,F
cf0df860,Tammy,GN,24,F
efcac577,Tyler,LS,44,F
58c88c48,Toni,DM,44,M
16b6bf61,Lorraine,SV,60,M
55f3ad50,Sean,IN,61,M
115affac,Michael,CD,68,F
62ccc604,Samuel,NL,41,M
69fd28e6,Trevor,MT,24,F
19f738cb,Maria,TR,23,M
39bfca38,Francisco,BN,41,M
4b7f2183,Andrew,IL,66,M
5780be17,George,MT,60,F
8c0b393a,Shelly,BW,43,F
9d17d218,Patricia,MA,67,M
a754a29f,Frederick,NZ,66,M
54c29d5c,Jamie,ET,34,F
b8d77d2f,Sara,SR,58,M
4c2272f3,John,BE,37,F
d700b461,Travis,BF,39,F
166ecfe3,Kelly,HR,78,F
331de35c,Collin,GA,66,M
fa207403,Christopher,CI,18,F
788fd0cd,Tracy,HR,30,F
8b4bd7e7,Paul,MN,40,M
2fc3e649,Sean,IN,76,F
39eb038a,Mary,TM,36,F
b24beb96,Elizabeth,BS,49,F
8a9c66f7,Robert,TW,46,M
0f9ca17b,Mary,SK,62,M
afe3af13,Michelle,PY,47,F
79ec533c,Kent,MY,57,M
08e3f771,Wayne,SI,35,M
fb95d0fc,Christine,CL,31,M
2c41cbd3,Stacy,DM,64,F
31567f2a,David,NO,19,F
6f75ee8a,James,YE,45,M
4204d733,Luis,ZA,67,F
16476e3f,Paul,MY,55,M
46b518de,April,AL,21,M
966b62ea,Alexandra,NL,25,M
25f06b0a,Ashley,TV,72,M
19a6f80e,Sara,TM,20,F
493d6196,Mikayla,LY,27,F
620f230b,Diana,TO,36,F
2c154804,Joshua,CV,51,F
b193c8b8,Richard,MY,50,M
b0c58278,John,CH,72,F
e5a3d8e9,Nathan,LU,49,F
4f9a5f98,Juan,RW,24,M
1924c644,Teresa,GT,25,M
be64ac2a,Scott,LI,74,M
9adfe981,Debbie,ET,20,F
d2efa93b,Richard,RU,40,M
5fb8944d,Lori,SG,78,F
4fa5c35e,Jenna,NA,71,M
86379f04,Natasha,AT,64,M
d53ae57f,James,BG,20,M
0cf173f9,Samantha,MA,50,F
d2d14ef5,Steven,MY,64,F
ae61716a,Anthony,MR,51,M
2d761ffa,Susan,PY,49,F
5820b3f2,Frank,IL,31,F
1723ecdb,Justin,MV,73,F
927f8103,Kimberly,GH,60,F
39a0f145,Erica,IQ,21,F
052226b9,Michelle,KZ,54,F
21df5609,Deborah,US,38,F
409ca8f2,Charlene,KP,48,M
a48aa108,Joshua,MT,65,F
4082fcda,Jeffery,KI,24,F
9fa4a627,Randy,CA,24,M
a9902071,Tammy,MR,40,M
9beab529,Justin,LA,36,F
5616af7e,Vanessa,DZ,78,M
42da8609,Diana,CF,53,M
846d5a3b,Kathy,BG,77,F
cf5e0f0b,Carol,HR,19,M
b8a60402,Anthony,SB,64,M
e82b5b36,Robert,MW,37,M
b54401cb,Wanda,ET,59,M
38eccb4d,Gina,DZ,19,M
f0cf9d73,Emily,SD,40,M
d73418fe,Diane,TH,29,F
7885187d,David,IL,22,M
c34e9baf,Rita,KZ,55,F
16dc5a6e,Jeffrey,GR,47,M
6ba4170b,Kristin,LS,51,M
4b46ef33,Steven,CL,61,M
a267d32f,Brandy,VN,69,F
31cd9f6e,Vincent,KZ,39,F
69c165ae,Brian,CZ,41,M
57b936b0,Robert,TN,27,F
752366ce,Douglas,VC,73,M
7cd2192f,Marvin,EE,63,M
0134e76b,Shannon,GE,49,M
938703c9,Kathy,RW,67,M
1689e0b8,David,NZ,34,F
6dd49c96,Tammy,MV,26,F
330ccff5,Jessica,AL,19,M
d54e7948,Amanda,AM,42,M
bbcd6c18,John,MD,26,F
21019bff,Curtis,SC,39,M
10b6a662,Madison,KG,63,F
ba533122,Abigail,SL,43,F
afd0d2f7,Wendy,LV,46,M
5bf7dda1,Karen,DM,51,M
cfdfc6f9,Richard,GT,54,M
2196b3b5,Jason,AO,23,F
1f878b32,Michael,CF,38,F
e0653245,Danielle,SN,53,M
fea35d37,Brandon,CD,55,F
0c5921f8,Hannah,NI,34,M
8c1ab2c7,Johnny,ME,42,F
af8ca888,Crystal,KI,75,F
a9987bdf,Abigail,VU,40,M
6b382a0a,Maria,CA,59,F
1e23da4b,Justin,CD,38,M
3322c68b,Kimberly,SK,74,M
b4146e4a,Robert,DK,23,M
e90d21cb,Jared,RO,57,F
03438b64,Emily,CG,29,M
7e7d9a19,Edward,BW,74,M
b93b770c,Jennifer,IE,24,F
fd1935cc,Tiffany,IN,62,M
d02c75f9,Gregg,BB,43,M
cd3566ef,Erica,NP,45,F
d9eb404c,Katherine,BD,75,F
a9d1a28e,Deborah,LS,19,F
f480b91e,Christy,ES,71,M
57bcad3a,Ian,MZ,18,M
4596da75,Mary,FM,70,F
6bf7240f,Deborah,DM,68,F
b9f6143b,Brian,DJ,46,M
973b6977,Timothy,TN,28,F
9c7faca6,Noah,MK,28,F
af390a9d,Nichole,ZA,53,M
7bab1baa,Samantha,CG,76,M
0bc4d7ba,Bryan,TD,57,M
de4b061e,Erica,CH,71,F
39571344,Tiffany,SV,72,M
85ea16e0,Haley,VN,41,F
ba05dd0f,John,LY,39,M
62874624,Edgar,TH,73,M
0df80b89,Alexander,DJ,75,F
da143a47,Tyler,DM,64,F
52150ed8,John,IT,36,M
8ced4707,Dawn,NA,69,M
75873920,Sean,TO,34,F
7f9ad277,Sergio,CL,76,M
a7437402,Andrew,NA,60,F
8c91bd13,Aaron,BW,26,F
9e7b1e95,Dana,SE,19,M
abe5be96,Stephen,LV,26,M
d10bf4dc,Jeffrey,PH,57,M
9ea87552,Carol,VC,18,M
73d92ace,Daniel,PS,78,M
57632e1e,Michael,ZW,57,F
8c357321,Alejandra,ME,42,M
2a061609,Travis,VC,52,M
1b61d453,Jonathan,FJ,67,M
da296905,Philip,PK,61,F
b77f69b9,Matthew,TW,68,F
a21c0c06,Mary,TZ,55,F
735444fb,Stephen,TZ,29,M
f6bf2f72,Victor,SM,54,F
ef705d01,Ryan,TV,76,M
c7f4f4f9,Samantha,EE,66,M
bb01b2a5,Lisa,CA,34,F
9b2d5a2a,Nicole,SD,74,M
fac08fc4,Chelsea,MD,66,M
65daced0,Tamara,KE,29,F
235fc3d5,Robert,ME,33,F
4c859233,Megan,SY,36,F
bca0258e,Selena,ZM,48,M
9fc97264,Jennifer,LA,34,M
21f6c63d,Tina,CF,54,F
80ff2909,Amy,DZ,33,F
c2c226ff,Michael,QA,25,M
aacad101,Jennifer,GQ,35,M
88addab1,Justin,NO,29,M
1b41a61e,Anthony,CY,76,F
332cce0a,Joseph,DK,58,M
4024c424,Dwayne,BH,43,M
34396729,Karen,AU,49,F
1a3c2131,Christina,GQ,33,M
396c357b,Julia,TJ,34,M
c8c85ad6,Laura,MC,43,M
0c06df90,Sara,MW,39,F
f9cf8499,Gina,TG,24,F
4057e470,James,PA,32,M
